INSERT INTO Customers(Name, Address, Mobile_Number, Company_Name, GST_No) VALUES ('Customer1','Address1','MobileNumber1','Company1','GSTNo1');
INSERT INTO Customers(Name, Address, Mobile_Number, Company_Name, GST_No) VALUES ('Customer2','Address2','MobileNumber2','Company2','GSTNo2');
INSERT INTO Customers(Name, Address, Mobile_Number, Company_Name, GST_No) VALUES ('Customer3','Address3','MobileNumber3','Company3','GSTNo3');
INSERT INTO Customers(Name, Address, Mobile_Number, Company_Name, GST_No) VALUES ('Customer4','Address4','MobileNumber4','Company4','GSTNo4');
INSERT INTO Customers(Name, Address, Mobile_Number, Company_Name, GST_No) VALUES ('Customer5','Address5','MobileNumber5','Company5','GSTNo5');
INSERT INTO Customers(Name, Address, Mobile_Number, Company_Name, GST_No) VALUES ('Customer1','Address1','MobileNumber1','Company1','GSTNo1');
INSERT INTO Quality(type) VALUES (1.1);
INSERT INTO Quality(type) VALUES (2.2);
INSERT INTO Quality(type) VALUES (3.3);
INSERT INTO Quality(type) VALUES (4.4);
INSERT INTO Quality(type) VALUES (5.5);
INSERT INTO Seat_Covers(Vehicle_Model) VALUES('VehicleModel1');
INSERT INTO Seat_Covers(Vehicle_Model) VALUES('VehicleModel2');
INSERT INTO Seat_Covers(Vehicle_Model) VALUES('VehicleModel3');
INSERT INTO Seat_Covers(Vehicle_Model) VALUES('VehicleModel4');
INSERT INTO Seat_Covers(Vehicle_Model) VALUES('VehicleModel5');
INSERT INTO Inventory(seat_cover_id, quantity, quality_id) VALUES (1, 100, 1);
INSERT INTO Inventory(seat_cover_id, quantity, quality_id) VALUES (1, 200, 2);
INSERT INTO Inventory(seat_cover_id, quantity, quality_id) VALUES (1, 300, 3);
INSERT INTO Inventory(seat_cover_id, quantity, quality_id) VALUES (1, 400, 4);
INSERT INTO Inventory(seat_cover_id, quantity, quality_id) VALUES (1, 500, 5);
INSERT INTO Inventory(seat_cover_id, quantity, quality_id) VALUES (2, 100, 1);
INSERT INTO Inventory(seat_cover_id, quantity, quality_id) VALUES (2, 200, 2);
INSERT INTO Inventory(seat_cover_id, quantity, quality_id) VALUES (2, 300, 3);
INSERT INTO Inventory(seat_cover_id, quantity, quality_id) VALUES (2, 400, 4);
INSERT INTO Inventory(seat_cover_id, quantity, quality_id) VALUES (2, 500, 5);
INSERT INTO Inventory(seat_cover_id, quantity, quality_id) VALUES (3, 100, 1);
INSERT INTO Inventory(seat_cover_id, quantity, quality_id) VALUES (3, 200, 2);
INSERT INTO Inventory(seat_cover_id, quantity, quality_id) VALUES (3, 300, 3);
INSERT INTO Inventory(seat_cover_id, quantity, quality_id) VALUES (3, 400, 4);
INSERT INTO Inventory(seat_cover_id, quantity, quality_id) VALUES (3, 500, 5);
INSERT INTO Inventory(seat_cover_id, quantity, quality_id) VALUES (4, 100, 1);
INSERT INTO Inventory(seat_cover_id, quantity, quality_id) VALUES (4, 200, 2);
INSERT INTO Inventory(seat_cover_id, quantity, quality_id) VALUES (4, 300, 3);
INSERT INTO Inventory(seat_cover_id, quantity, quality_id) VALUES (4, 400, 4);
INSERT INTO Inventory(seat_cover_id, quantity, quality_id) VALUES (4, 500, 5);
INSERT INTO Inventory(seat_cover_id, quantity, quality_id) VALUES (5, 100, 1);
INSERT INTO Inventory(seat_cover_id, quantity, quality_id) VALUES (5, 200, 2);
INSERT INTO Inventory(seat_cover_id, quantity, quality_id) VALUES (5, 300, 3);
INSERT INTO Inventory(seat_cover_id, quantity, quality_id) VALUES (5, 400, 4);
INSERT INTO Inventory(seat_cover_id, quantity, quality_id) VALUES (5, 500, 5);
INSERT INTO Orders(customer_id, Label, Comments, status, Packing_Type, seat_cover_id, quality, quantity) VALUES (1,'Label1','Comment1','pending','PackingType1',1,1.1,100);
INSERT INTO Orders(customer_id, Label, Comments, status, Packing_Type, seat_cover_id, quality, quantity) VALUES (1,'Label1','Comment2','pending','PackingType2',2,2.2,200);
INSERT INTO Orders(customer_id, Label, Comments, status, Packing_Type, seat_cover_id, quality, quantity) VALUES (2,'Label2','Comment3','pending','PackingType3',3,3.3,300);
INSERT INTO Orders(customer_id, Label, Comments, status, Packing_Type, seat_cover_id, quality, quantity) VALUES (2,'Label2','Comment4','pending','PackingType4',4,4.4,400);
INSERT INTO Orders(customer_id, Label, Comments, status, Packing_Type, seat_cover_id, quality, quantity) VALUES (3,'Label3','Comment5','pending','PackingType5',5,5.5,500);
INSERT INTO Orders(customer_id, Label, Comments, status, Packing_Type, seat_cover_id, quality, quantity) VALUES (3,'Label3','Comment6','pending','PackingType6',1,1.1,600);
INSERT INTO Orders(customer_id, Label, Comments, status, Packing_Type, seat_cover_id, quality, quantity) VALUES (4,'Label4','Comment7','pending','PackingType7',2,2.2,700);
INSERT INTO Orders(customer_id, Label, Comments, status, Packing_Type, seat_cover_id, quality, quantity) VALUES (4,'Label4','Comment8','pending','PackingType8',3,3.3,800);
INSERT INTO Orders(customer_id, Label, Comments, status, Packing_Type, seat_cover_id, quality, quantity) VALUES (5,'Label5','Comment9','pending','PackingType9',4,4.4,900);
INSERT INTO Orders(customer_id, Label, Comments, status, Packing_Type, seat_cover_id, quality, quantity) VALUES (5,'Label5','Comment10','pending','PackingType10',5,5.5,1000);
